year,month,links
2020,1,"[""https://web.archive.org/web/20200101/www.uol.com.br"", ""https://web.archive.org/web/20200102/www.uol.com.br"", ""https://web.archive.org/web/20200103/www.uol.com.br"", ""https://web.archive.org/web/20200104/www.uol.com.br"", ""https://web.archive.org/web/20200105/www.uol.com.br"", ""https://web.archive.org/web/20200106/www.uol.com.br"", ""https://web.archive.org/web/20200107/www.uol.com.br"", ""https://web.archive.org/web/20200108/www.uol.com.br"", ""https://web.archive.org/web/20200109/www.uol.com.br"", ""https://web.archive.org/web/20200110/www.uol.com.br"", ""https://web.archive.org/web/20200111/www.uol.com.br"", ""https://web.archive.org/web/20200112/www.uol.com.br"", ""https://web.archive.org/web/20200113/www.uol.com.br"", ""https://web.archive.org/web/20200114/www.uol.com.br"", ""https://web.archive.org/web/20200115/www.uol.com.br"", ""https://web.archive.org/web/20200116/www.uol.com.br"", ""https://web.archive.org/web/20200117/www.uol.com.br"", ""https://web.archive.org/web/20200118/www.uol.com.br"", ""https://web.archive.org/web/20200119/www.uol.com.br"", ""https://web.archive.org/web/20200120/www.uol.com.br"", ""https://web.archive.org/web/20200121/www.uol.com.br"", ""https://web.archive.org/web/20200122/www.uol.com.br"", ""https://web.archive.org/web/20200123/www.uol.com.br"", ""https://web.archive.org/web/20200124/www.uol.com.br"", ""https://web.archive.org/web/20200125/www.uol.com.br"", ""https://web.archive.org/web/20200126/www.uol.com.br"", ""https://web.archive.org/web/20200127/www.uol.com.br"", ""https://web.archive.org/web/20200128/www.uol.com.br"", ""https://web.archive.org/web/20200129/www.uol.com.br"", ""https://web.archive.org/web/20200130/www.uol.com.br"", ""https://web.archive.org/web/20200131/www.uol.com.br""]"
2020,2,"[""https://web.archive.org/web/20200201/www.uol.com.br"", ""https://web.archive.org/web/20200202/www.uol.com.br"", ""https://web.archive.org/web/20200203/www.uol.com.br"", ""https://web.archive.org/web/20200204/www.uol.com.br"", ""https://web.archive.org/web/20200205/www.uol.com.br"", ""https://web.archive.org/web/20200206/www.uol.com.br"", ""https://web.archive.org/web/20200207/www.uol.com.br"", ""https://web.archive.org/web/20200208/www.uol.com.br"", ""https://web.archive.org/web/20200209/www.uol.com.br"", ""https://web.archive.org/web/20200210/www.uol.com.br"", ""https://web.archive.org/web/20200211/www.uol.com.br"", ""https://web.archive.org/web/20200212/www.uol.com.br"", ""https://web.archive.org/web/20200213/www.uol.com.br"", ""https://web.archive.org/web/20200214/www.uol.com.br"", ""https://web.archive.org/web/20200215/www.uol.com.br"", ""https://web.archive.org/web/20200216/www.uol.com.br"", ""https://web.archive.org/web/20200217/www.uol.com.br"", ""https://web.archive.org/web/20200218/www.uol.com.br"", ""https://web.archive.org/web/20200219/www.uol.com.br"", ""https://web.archive.org/web/20200220/www.uol.com.br"", ""https://web.archive.org/web/20200221/www.uol.com.br"", ""https://web.archive.org/web/20200222/www.uol.com.br"", ""https://web.archive.org/web/20200223/www.uol.com.br"", ""https://web.archive.org/web/20200224/www.uol.com.br"", ""https://web.archive.org/web/20200225/www.uol.com.br"", ""https://web.archive.org/web/20200226/www.uol.com.br"", ""https://web.archive.org/web/20200227/www.uol.com.br"", ""https://web.archive.org/web/20200228/www.uol.com.br"", ""https://web.archive.org/web/20200229/www.uol.com.br""]"
2020,3,"[""https://web.archive.org/web/20200301/www.uol.com.br"", ""https://web.archive.org/web/20200302/www.uol.com.br"", ""https://web.archive.org/web/20200303/www.uol.com.br"", ""https://web.archive.org/web/20200304/www.uol.com.br"", ""https://web.archive.org/web/20200305/www.uol.com.br"", ""https://web.archive.org/web/20200306/www.uol.com.br"", ""https://web.archive.org/web/20200307/www.uol.com.br"", ""https://web.archive.org/web/20200308/www.uol.com.br"", ""https://web.archive.org/web/20200309/www.uol.com.br"", ""https://web.archive.org/web/20200310/www.uol.com.br"", ""https://web.archive.org/web/20200311/www.uol.com.br"", ""https://web.archive.org/web/20200312/www.uol.com.br"", ""https://web.archive.org/web/20200313/www.uol.com.br"", ""https://web.archive.org/web/20200314/www.uol.com.br"", ""https://web.archive.org/web/20200315/www.uol.com.br"", ""https://web.archive.org/web/20200316/www.uol.com.br"", ""https://web.archive.org/web/20200317/www.uol.com.br"", ""https://web.archive.org/web/20200318/www.uol.com.br"", ""https://web.archive.org/web/20200319/www.uol.com.br"", ""https://web.archive.org/web/20200320/www.uol.com.br"", ""https://web.archive.org/web/20200321/www.uol.com.br"", ""https://web.archive.org/web/20200322/www.uol.com.br"", ""https://web.archive.org/web/20200323/www.uol.com.br"", ""https://web.archive.org/web/20200324/www.uol.com.br"", ""https://web.archive.org/web/20200325/www.uol.com.br"", ""https://web.archive.org/web/20200326/www.uol.com.br"", ""https://web.archive.org/web/20200327/www.uol.com.br"", ""https://web.archive.org/web/20200328/www.uol.com.br"", ""https://web.archive.org/web/20200329/www.uol.com.br"", ""https://web.archive.org/web/20200330/www.uol.com.br"", ""https://web.archive.org/web/20200331/www.uol.com.br""]"
2020,4,"[""https://web.archive.org/web/20200401/www.uol.com.br"", ""https://web.archive.org/web/20200402/www.uol.com.br"", ""https://web.archive.org/web/20200403/www.uol.com.br"", ""https://web.archive.org/web/20200404/www.uol.com.br"", ""https://web.archive.org/web/20200405/www.uol.com.br"", ""https://web.archive.org/web/20200406/www.uol.com.br"", ""https://web.archive.org/web/20200407/www.uol.com.br"", ""https://web.archive.org/web/20200408/www.uol.com.br"", ""https://web.archive.org/web/20200409/www.uol.com.br"", ""https://web.archive.org/web/20200410/www.uol.com.br"", ""https://web.archive.org/web/20200411/www.uol.com.br"", ""https://web.archive.org/web/20200412/www.uol.com.br"", ""https://web.archive.org/web/20200413/www.uol.com.br"", ""https://web.archive.org/web/20200414/www.uol.com.br"", ""https://web.archive.org/web/20200415/www.uol.com.br"", ""https://web.archive.org/web/20200416/www.uol.com.br"", ""https://web.archive.org/web/20200417/www.uol.com.br"", ""https://web.archive.org/web/20200418/www.uol.com.br"", ""https://web.archive.org/web/20200419/www.uol.com.br"", ""https://web.archive.org/web/20200420/www.uol.com.br"", ""https://web.archive.org/web/20200421/www.uol.com.br"", ""https://web.archive.org/web/20200422/www.uol.com.br"", ""https://web.archive.org/web/20200423/www.uol.com.br"", ""https://web.archive.org/web/20200424/www.uol.com.br"", ""https://web.archive.org/web/20200425/www.uol.com.br"", ""https://web.archive.org/web/20200426/www.uol.com.br"", ""https://web.archive.org/web/20200427/www.uol.com.br"", ""https://web.archive.org/web/20200428/www.uol.com.br"", ""https://web.archive.org/web/20200429/www.uol.com.br"", ""https://web.archive.org/web/20200430/www.uol.com.br""]"
2020,5,"[""https://web.archive.org/web/20200501/www.uol.com.br"", ""https://web.archive.org/web/20200502/www.uol.com.br"", ""https://web.archive.org/web/20200503/www.uol.com.br"", ""https://web.archive.org/web/20200504/www.uol.com.br"", ""https://web.archive.org/web/20200505/www.uol.com.br"", ""https://web.archive.org/web/20200506/www.uol.com.br"", ""https://web.archive.org/web/20200507/www.uol.com.br"", ""https://web.archive.org/web/20200508/www.uol.com.br"", ""https://web.archive.org/web/20200509/www.uol.com.br"", ""https://web.archive.org/web/20200510/www.uol.com.br"", ""https://web.archive.org/web/20200511/www.uol.com.br"", ""https://web.archive.org/web/20200512/www.uol.com.br"", ""https://web.archive.org/web/20200513/www.uol.com.br"", ""https://web.archive.org/web/20200514/www.uol.com.br"", ""https://web.archive.org/web/20200515/www.uol.com.br"", ""https://web.archive.org/web/20200516/www.uol.com.br"", ""https://web.archive.org/web/20200517/www.uol.com.br"", ""https://web.archive.org/web/20200518/www.uol.com.br"", ""https://web.archive.org/web/20200519/www.uol.com.br"", ""https://web.archive.org/web/20200520/www.uol.com.br"", ""https://web.archive.org/web/20200521/www.uol.com.br"", ""https://web.archive.org/web/20200522/www.uol.com.br"", ""https://web.archive.org/web/20200523/www.uol.com.br"", ""https://web.archive.org/web/20200524/www.uol.com.br"", ""https://web.archive.org/web/20200525/www.uol.com.br"", ""https://web.archive.org/web/20200526/www.uol.com.br"", ""https://web.archive.org/web/20200527/www.uol.com.br"", ""https://web.archive.org/web/20200528/www.uol.com.br"", ""https://web.archive.org/web/20200529/www.uol.com.br"", ""https://web.archive.org/web/20200530/www.uol.com.br"", ""https://web.archive.org/web/20200531/www.uol.com.br""]"
2020,6,"[""https://web.archive.org/web/20200601/www.uol.com.br"", ""https://web.archive.org/web/20200602/www.uol.com.br"", ""https://web.archive.org/web/20200603/www.uol.com.br"", ""https://web.archive.org/web/20200604/www.uol.com.br"", ""https://web.archive.org/web/20200605/www.uol.com.br"", ""https://web.archive.org/web/20200606/www.uol.com.br"", ""https://web.archive.org/web/20200607/www.uol.com.br"", ""https://web.archive.org/web/20200608/www.uol.com.br"", ""https://web.archive.org/web/20200609/www.uol.com.br"", ""https://web.archive.org/web/20200610/www.uol.com.br"", ""https://web.archive.org/web/20200611/www.uol.com.br"", ""https://web.archive.org/web/20200612/www.uol.com.br"", ""https://web.archive.org/web/20200613/www.uol.com.br"", ""https://web.archive.org/web/20200614/www.uol.com.br"", ""https://web.archive.org/web/20200615/www.uol.com.br"", ""https://web.archive.org/web/20200616/www.uol.com.br"", ""https://web.archive.org/web/20200617/www.uol.com.br"", ""https://web.archive.org/web/20200618/www.uol.com.br"", ""https://web.archive.org/web/20200619/www.uol.com.br"", ""https://web.archive.org/web/20200620/www.uol.com.br"", ""https://web.archive.org/web/20200621/www.uol.com.br"", ""https://web.archive.org/web/20200622/www.uol.com.br"", ""https://web.archive.org/web/20200623/www.uol.com.br"", ""https://web.archive.org/web/20200624/www.uol.com.br"", ""https://web.archive.org/web/20200625/www.uol.com.br"", ""https://web.archive.org/web/20200626/www.uol.com.br"", ""https://web.archive.org/web/20200627/www.uol.com.br"", ""https://web.archive.org/web/20200628/www.uol.com.br"", ""https://web.archive.org/web/20200629/www.uol.com.br"", ""https://web.archive.org/web/20200630/www.uol.com.br""]"
2020,7,"[""https://web.archive.org/web/20200701/www.uol.com.br"", ""https://web.archive.org/web/20200702/www.uol.com.br"", ""https://web.archive.org/web/20200703/www.uol.com.br"", ""https://web.archive.org/web/20200704/www.uol.com.br"", ""https://web.archive.org/web/20200705/www.uol.com.br"", ""https://web.archive.org/web/20200706/www.uol.com.br"", ""https://web.archive.org/web/20200707/www.uol.com.br"", ""https://web.archive.org/web/20200708/www.uol.com.br"", ""https://web.archive.org/web/20200709/www.uol.com.br"", ""https://web.archive.org/web/20200710/www.uol.com.br"", ""https://web.archive.org/web/20200711/www.uol.com.br"", ""https://web.archive.org/web/20200712/www.uol.com.br"", ""https://web.archive.org/web/20200713/www.uol.com.br"", ""https://web.archive.org/web/20200714/www.uol.com.br"", ""https://web.archive.org/web/20200715/www.uol.com.br"", ""https://web.archive.org/web/20200716/www.uol.com.br"", ""https://web.archive.org/web/20200717/www.uol.com.br"", ""https://web.archive.org/web/20200718/www.uol.com.br"", ""https://web.archive.org/web/20200719/www.uol.com.br"", ""https://web.archive.org/web/20200720/www.uol.com.br"", ""https://web.archive.org/web/20200721/www.uol.com.br"", ""https://web.archive.org/web/20200722/www.uol.com.br"", ""https://web.archive.org/web/20200723/www.uol.com.br"", ""https://web.archive.org/web/20200724/www.uol.com.br"", ""https://web.archive.org/web/20200725/www.uol.com.br"", ""https://web.archive.org/web/20200726/www.uol.com.br"", ""https://web.archive.org/web/20200727/www.uol.com.br"", ""https://web.archive.org/web/20200728/www.uol.com.br"", ""https://web.archive.org/web/20200729/www.uol.com.br"", ""https://web.archive.org/web/20200730/www.uol.com.br"", ""https://web.archive.org/web/20200731/www.uol.com.br""]"
2020,8,"[""https://web.archive.org/web/20200801/www.uol.com.br"", ""https://web.archive.org/web/20200802/www.uol.com.br"", ""https://web.archive.org/web/20200803/www.uol.com.br"", ""https://web.archive.org/web/20200804/www.uol.com.br"", ""https://web.archive.org/web/20200805/www.uol.com.br"", ""https://web.archive.org/web/20200806/www.uol.com.br"", ""https://web.archive.org/web/20200807/www.uol.com.br"", ""https://web.archive.org/web/20200808/www.uol.com.br"", ""https://web.archive.org/web/20200809/www.uol.com.br"", ""https://web.archive.org/web/20200810/www.uol.com.br"", ""https://web.archive.org/web/20200811/www.uol.com.br"", ""https://web.archive.org/web/20200812/www.uol.com.br"", ""https://web.archive.org/web/20200813/www.uol.com.br"", ""https://web.archive.org/web/20200814/www.uol.com.br"", ""https://web.archive.org/web/20200815/www.uol.com.br"", ""https://web.archive.org/web/20200816/www.uol.com.br"", ""https://web.archive.org/web/20200817/www.uol.com.br"", ""https://web.archive.org/web/20200818/www.uol.com.br"", ""https://web.archive.org/web/20200819/www.uol.com.br"", ""https://web.archive.org/web/20200820/www.uol.com.br"", ""https://web.archive.org/web/20200821/www.uol.com.br"", ""https://web.archive.org/web/20200822/www.uol.com.br"", ""https://web.archive.org/web/20200823/www.uol.com.br"", ""https://web.archive.org/web/20200824/www.uol.com.br"", ""https://web.archive.org/web/20200825/www.uol.com.br"", ""https://web.archive.org/web/20200826/www.uol.com.br"", ""https://web.archive.org/web/20200827/www.uol.com.br"", ""https://web.archive.org/web/20200828/www.uol.com.br"", ""https://web.archive.org/web/20200829/www.uol.com.br"", ""https://web.archive.org/web/20200830/www.uol.com.br"", ""https://web.archive.org/web/20200831/www.uol.com.br""]"
2020,9,"[""https://web.archive.org/web/20200901/www.uol.com.br"", ""https://web.archive.org/web/20200902/www.uol.com.br"", ""https://web.archive.org/web/20200903/www.uol.com.br"", ""https://web.archive.org/web/20200904/www.uol.com.br"", ""https://web.archive.org/web/20200905/www.uol.com.br"", ""https://web.archive.org/web/20200906/www.uol.com.br"", ""https://web.archive.org/web/20200907/www.uol.com.br"", ""https://web.archive.org/web/20200908/www.uol.com.br"", ""https://web.archive.org/web/20200909/www.uol.com.br"", ""https://web.archive.org/web/20200910/www.uol.com.br"", ""https://web.archive.org/web/20200911/www.uol.com.br"", ""https://web.archive.org/web/20200912/www.uol.com.br"", ""https://web.archive.org/web/20200913/www.uol.com.br"", ""https://web.archive.org/web/20200914/www.uol.com.br"", ""https://web.archive.org/web/20200915/www.uol.com.br"", ""https://web.archive.org/web/20200916/www.uol.com.br"", ""https://web.archive.org/web/20200917/www.uol.com.br"", ""https://web.archive.org/web/20200918/www.uol.com.br"", ""https://web.archive.org/web/20200919/www.uol.com.br"", ""https://web.archive.org/web/20200920/www.uol.com.br"", ""https://web.archive.org/web/20200921/www.uol.com.br"", ""https://web.archive.org/web/20200922/www.uol.com.br"", ""https://web.archive.org/web/20200923/www.uol.com.br"", ""https://web.archive.org/web/20200924/www.uol.com.br"", ""https://web.archive.org/web/20200925/www.uol.com.br"", ""https://web.archive.org/web/20200926/www.uol.com.br"", ""https://web.archive.org/web/20200927/www.uol.com.br"", ""https://web.archive.org/web/20200928/www.uol.com.br"", ""https://web.archive.org/web/20200929/www.uol.com.br"", ""https://web.archive.org/web/20200930/www.uol.com.br""]"
2020,10,"[""https://web.archive.org/web/20201001/www.uol.com.br"", ""https://web.archive.org/web/20201002/www.uol.com.br"", ""https://web.archive.org/web/20201003/www.uol.com.br"", ""https://web.archive.org/web/20201004/www.uol.com.br"", ""https://web.archive.org/web/20201005/www.uol.com.br"", ""https://web.archive.org/web/20201006/www.uol.com.br"", ""https://web.archive.org/web/20201007/www.uol.com.br"", ""https://web.archive.org/web/20201008/www.uol.com.br"", ""https://web.archive.org/web/20201009/www.uol.com.br"", ""https://web.archive.org/web/20201010/www.uol.com.br"", ""https://web.archive.org/web/20201011/www.uol.com.br"", ""https://web.archive.org/web/20201012/www.uol.com.br"", ""https://web.archive.org/web/20201013/www.uol.com.br"", ""https://web.archive.org/web/20201014/www.uol.com.br"", ""https://web.archive.org/web/20201015/www.uol.com.br"", ""https://web.archive.org/web/20201016/www.uol.com.br"", ""https://web.archive.org/web/20201017/www.uol.com.br"", ""https://web.archive.org/web/20201018/www.uol.com.br"", ""https://web.archive.org/web/20201019/www.uol.com.br"", ""https://web.archive.org/web/20201020/www.uol.com.br"", ""https://web.archive.org/web/20201021/www.uol.com.br"", ""https://web.archive.org/web/20201022/www.uol.com.br"", ""https://web.archive.org/web/20201023/www.uol.com.br"", ""https://web.archive.org/web/20201024/www.uol.com.br"", ""https://web.archive.org/web/20201025/www.uol.com.br"", ""https://web.archive.org/web/20201026/www.uol.com.br"", ""https://web.archive.org/web/20201027/www.uol.com.br"", ""https://web.archive.org/web/20201028/www.uol.com.br"", ""https://web.archive.org/web/20201029/www.uol.com.br"", ""https://web.archive.org/web/20201030/www.uol.com.br"", ""https://web.archive.org/web/20201031/www.uol.com.br""]"
2020,11,"[""https://web.archive.org/web/20201101/www.uol.com.br"", ""https://web.archive.org/web/20201102/www.uol.com.br"", ""https://web.archive.org/web/20201103/www.uol.com.br"", ""https://web.archive.org/web/20201104/www.uol.com.br"", ""https://web.archive.org/web/20201105/www.uol.com.br"", ""https://web.archive.org/web/20201106/www.uol.com.br"", ""https://web.archive.org/web/20201107/www.uol.com.br"", ""https://web.archive.org/web/20201108/www.uol.com.br"", ""https://web.archive.org/web/20201109/www.uol.com.br"", ""https://web.archive.org/web/20201110/www.uol.com.br"", ""https://web.archive.org/web/20201111/www.uol.com.br"", ""https://web.archive.org/web/20201112/www.uol.com.br"", ""https://web.archive.org/web/20201113/www.uol.com.br"", ""https://web.archive.org/web/20201114/www.uol.com.br"", ""https://web.archive.org/web/20201115/www.uol.com.br"", ""https://web.archive.org/web/20201116/www.uol.com.br"", ""https://web.archive.org/web/20201117/www.uol.com.br"", ""https://web.archive.org/web/20201118/www.uol.com.br"", ""https://web.archive.org/web/20201119/www.uol.com.br"", ""https://web.archive.org/web/20201120/www.uol.com.br"", ""https://web.archive.org/web/20201121/www.uol.com.br"", ""https://web.archive.org/web/20201122/www.uol.com.br"", ""https://web.archive.org/web/20201123/www.uol.com.br"", ""https://web.archive.org/web/20201124/www.uol.com.br"", ""https://web.archive.org/web/20201125/www.uol.com.br"", ""https://web.archive.org/web/20201126/www.uol.com.br"", ""https://web.archive.org/web/20201127/www.uol.com.br"", ""https://web.archive.org/web/20201128/www.uol.com.br"", ""https://web.archive.org/web/20201129/www.uol.com.br"", ""https://web.archive.org/web/20201130/www.uol.com.br""]"
2020,12,"[""https://web.archive.org/web/20201201/www.uol.com.br"", ""https://web.archive.org/web/20201202/www.uol.com.br"", ""https://web.archive.org/web/20201203/www.uol.com.br"", ""https://web.archive.org/web/20201204/www.uol.com.br"", ""https://web.archive.org/web/20201205/www.uol.com.br"", ""https://web.archive.org/web/20201206/www.uol.com.br"", ""https://web.archive.org/web/20201207/www.uol.com.br"", ""https://web.archive.org/web/20201208/www.uol.com.br"", ""https://web.archive.org/web/20201209/www.uol.com.br"", ""https://web.archive.org/web/20201210/www.uol.com.br"", ""https://web.archive.org/web/20201211/www.uol.com.br"", ""https://web.archive.org/web/20201212/www.uol.com.br"", ""https://web.archive.org/web/20201213/www.uol.com.br"", ""https://web.archive.org/web/20201214/www.uol.com.br"", ""https://web.archive.org/web/20201215/www.uol.com.br"", ""https://web.archive.org/web/20201216/www.uol.com.br"", ""https://web.archive.org/web/20201217/www.uol.com.br"", ""https://web.archive.org/web/20201218/www.uol.com.br"", ""https://web.archive.org/web/20201219/www.uol.com.br"", ""https://web.archive.org/web/20201220/www.uol.com.br"", ""https://web.archive.org/web/20201221/www.uol.com.br"", ""https://web.archive.org/web/20201222/www.uol.com.br"", ""https://web.archive.org/web/20201223/www.uol.com.br"", ""https://web.archive.org/web/20201224/www.uol.com.br"", ""https://web.archive.org/web/20201225/www.uol.com.br"", ""https://web.archive.org/web/20201226/www.uol.com.br"", ""https://web.archive.org/web/20201227/www.uol.com.br"", ""https://web.archive.org/web/20201228/www.uol.com.br"", ""https://web.archive.org/web/20201229/www.uol.com.br"", ""https://web.archive.org/web/20201230/www.uol.com.br"", ""https://web.archive.org/web/20201231/www.uol.com.br""]"
2021,1,"[""https://web.archive.org/web/20210101/www.uol.com.br"", ""https://web.archive.org/web/20210102/www.uol.com.br"", ""https://web.archive.org/web/20210103/www.uol.com.br"", ""https://web.archive.org/web/20210104/www.uol.com.br"", ""https://web.archive.org/web/20210105/www.uol.com.br"", ""https://web.archive.org/web/20210106/www.uol.com.br"", ""https://web.archive.org/web/20210107/www.uol.com.br"", ""https://web.archive.org/web/20210108/www.uol.com.br"", ""https://web.archive.org/web/20210109/www.uol.com.br"", ""https://web.archive.org/web/20210110/www.uol.com.br"", ""https://web.archive.org/web/20210111/www.uol.com.br"", ""https://web.archive.org/web/20210112/www.uol.com.br"", ""https://web.archive.org/web/20210113/www.uol.com.br"", ""https://web.archive.org/web/20210114/www.uol.com.br"", ""https://web.archive.org/web/20210115/www.uol.com.br"", ""https://web.archive.org/web/20210116/www.uol.com.br"", ""https://web.archive.org/web/20210117/www.uol.com.br"", ""https://web.archive.org/web/20210118/www.uol.com.br"", ""https://web.archive.org/web/20210119/www.uol.com.br"", ""https://web.archive.org/web/20210120/www.uol.com.br"", ""https://web.archive.org/web/20210121/www.uol.com.br"", ""https://web.archive.org/web/20210122/www.uol.com.br"", ""https://web.archive.org/web/20210123/www.uol.com.br"", ""https://web.archive.org/web/20210124/www.uol.com.br"", ""https://web.archive.org/web/20210125/www.uol.com.br"", ""https://web.archive.org/web/20210126/www.uol.com.br"", ""https://web.archive.org/web/20210127/www.uol.com.br"", ""https://web.archive.org/web/20210128/www.uol.com.br"", ""https://web.archive.org/web/20210129/www.uol.com.br"", ""https://web.archive.org/web/20210130/www.uol.com.br"", ""https://web.archive.org/web/20210131/www.uol.com.br""]"
2021,2,"[""https://web.archive.org/web/20210201/www.uol.com.br"", ""https://web.archive.org/web/20210202/www.uol.com.br"", ""https://web.archive.org/web/20210203/www.uol.com.br"", ""https://web.archive.org/web/20210204/www.uol.com.br"", ""https://web.archive.org/web/20210205/www.uol.com.br"", ""https://web.archive.org/web/20210206/www.uol.com.br"", ""https://web.archive.org/web/20210207/www.uol.com.br"", ""https://web.archive.org/web/20210208/www.uol.com.br"", ""https://web.archive.org/web/20210209/www.uol.com.br"", ""https://web.archive.org/web/20210210/www.uol.com.br"", ""https://web.archive.org/web/20210211/www.uol.com.br"", ""https://web.archive.org/web/20210212/www.uol.com.br"", ""https://web.archive.org/web/20210213/www.uol.com.br"", ""https://web.archive.org/web/20210214/www.uol.com.br"", ""https://web.archive.org/web/20210215/www.uol.com.br"", ""https://web.archive.org/web/20210216/www.uol.com.br"", ""https://web.archive.org/web/20210217/www.uol.com.br"", ""https://web.archive.org/web/20210218/www.uol.com.br"", ""https://web.archive.org/web/20210219/www.uol.com.br"", ""https://web.archive.org/web/20210220/www.uol.com.br"", ""https://web.archive.org/web/20210221/www.uol.com.br"", ""https://web.archive.org/web/20210222/www.uol.com.br"", ""https://web.archive.org/web/20210223/www.uol.com.br"", ""https://web.archive.org/web/20210224/www.uol.com.br"", ""https://web.archive.org/web/20210225/www.uol.com.br"", ""https://web.archive.org/web/20210226/www.uol.com.br"", ""https://web.archive.org/web/20210227/www.uol.com.br"", ""https://web.archive.org/web/20210228/www.uol.com.br""]"
2022,1,"[""https://web.archive.org/web/20220101/www.uol.com.br"", ""https://web.archive.org/web/20220102/www.uol.com.br"", ""https://web.archive.org/web/20220103/www.uol.com.br"", ""https://web.archive.org/web/20220104/www.uol.com.br"", ""https://web.archive.org/web/20220105/www.uol.com.br"", ""https://web.archive.org/web/20220106/www.uol.com.br"", ""https://web.archive.org/web/20220107/www.uol.com.br"", ""https://web.archive.org/web/20220108/www.uol.com.br"", ""https://web.archive.org/web/20220109/www.uol.com.br"", ""https://web.archive.org/web/20220110/www.uol.com.br"", ""https://web.archive.org/web/20220111/www.uol.com.br"", ""https://web.archive.org/web/20220112/www.uol.com.br"", ""https://web.archive.org/web/20220113/www.uol.com.br"", ""https://web.archive.org/web/20220114/www.uol.com.br"", ""https://web.archive.org/web/20220115/www.uol.com.br"", ""https://web.archive.org/web/20220116/www.uol.com.br"", ""https://web.archive.org/web/20220117/www.uol.com.br"", ""https://web.archive.org/web/20220118/www.uol.com.br"", ""https://web.archive.org/web/20220119/www.uol.com.br"", ""https://web.archive.org/web/20220120/www.uol.com.br"", ""https://web.archive.org/web/20220121/www.uol.com.br"", ""https://web.archive.org/web/20220122/www.uol.com.br"", ""https://web.archive.org/web/20220123/www.uol.com.br"", ""https://web.archive.org/web/20220124/www.uol.com.br"", ""https://web.archive.org/web/20220125/www.uol.com.br"", ""https://web.archive.org/web/20220126/www.uol.com.br"", ""https://web.archive.org/web/20220127/www.uol.com.br"", ""https://web.archive.org/web/20220128/www.uol.com.br"", ""https://web.archive.org/web/20220129/www.uol.com.br"", ""https://web.archive.org/web/20220130/www.uol.com.br"", ""https://web.archive.org/web/20220131/www.uol.com.br""]"
2022,2,"[""https://web.archive.org/web/20220201/www.uol.com.br"", ""https://web.archive.org/web/20220202/www.uol.com.br"", ""https://web.archive.org/web/20220203/www.uol.com.br"", ""https://web.archive.org/web/20220204/www.uol.com.br"", ""https://web.archive.org/web/20220205/www.uol.com.br"", ""https://web.archive.org/web/20220206/www.uol.com.br"", ""https://web.archive.org/web/20220207/www.uol.com.br"", ""https://web.archive.org/web/20220208/www.uol.com.br"", ""https://web.archive.org/web/20220209/www.uol.com.br"", ""https://web.archive.org/web/20220210/www.uol.com.br"", ""https://web.archive.org/web/20220211/www.uol.com.br"", ""https://web.archive.org/web/20220212/www.uol.com.br"", ""https://web.archive.org/web/20220213/www.uol.com.br"", ""https://web.archive.org/web/20220214/www.uol.com.br"", ""https://web.archive.org/web/20220215/www.uol.com.br"", ""https://web.archive.org/web/20220216/www.uol.com.br"", ""https://web.archive.org/web/20220217/www.uol.com.br"", ""https://web.archive.org/web/20220218/www.uol.com.br"", ""https://web.archive.org/web/20220219/www.uol.com.br"", ""https://web.archive.org/web/20220220/www.uol.com.br"", ""https://web.archive.org/web/20220221/www.uol.com.br"", ""https://web.archive.org/web/20220222/www.uol.com.br"", ""https://web.archive.org/web/20220223/www.uol.com.br"", ""https://web.archive.org/web/20220224/www.uol.com.br"", ""https://web.archive.org/web/20220225/www.uol.com.br"", ""https://web.archive.org/web/20220226/www.uol.com.br"", ""https://web.archive.org/web/20220227/www.uol.com.br"", ""https://web.archive.org/web/20220228/www.uol.com.br""]"
2022,3,"[""https://web.archive.org/web/20220301/www.uol.com.br"", ""https://web.archive.org/web/20220302/www.uol.com.br"", ""https://web.archive.org/web/20220303/www.uol.com.br"", ""https://web.archive.org/web/20220304/www.uol.com.br"", ""https://web.archive.org/web/20220305/www.uol.com.br"", ""https://web.archive.org/web/20220306/www.uol.com.br"", ""https://web.archive.org/web/20220307/www.uol.com.br"", ""https://web.archive.org/web/20220308/www.uol.com.br"", ""https://web.archive.org/web/20220309/www.uol.com.br"", ""https://web.archive.org/web/20220310/www.uol.com.br"", ""https://web.archive.org/web/20220311/www.uol.com.br"", ""https://web.archive.org/web/20220312/www.uol.com.br"", ""https://web.archive.org/web/20220313/www.uol.com.br"", ""https://web.archive.org/web/20220314/www.uol.com.br"", ""https://web.archive.org/web/20220315/www.uol.com.br"", ""https://web.archive.org/web/20220316/www.uol.com.br"", ""https://web.archive.org/web/20220317/www.uol.com.br"", ""https://web.archive.org/web/20220318/www.uol.com.br"", ""https://web.archive.org/web/20220319/www.uol.com.br"", ""https://web.archive.org/web/20220320/www.uol.com.br"", ""https://web.archive.org/web/20220321/www.uol.com.br"", ""https://web.archive.org/web/20220322/www.uol.com.br"", ""https://web.archive.org/web/20220323/www.uol.com.br"", ""https://web.archive.org/web/20220324/www.uol.com.br"", ""https://web.archive.org/web/20220325/www.uol.com.br"", ""https://web.archive.org/web/20220326/www.uol.com.br"", ""https://web.archive.org/web/20220327/www.uol.com.br"", ""https://web.archive.org/web/20220328/www.uol.com.br"", ""https://web.archive.org/web/20220329/www.uol.com.br"", ""https://web.archive.org/web/20220330/www.uol.com.br"", ""https://web.archive.org/web/20220331/www.uol.com.br""]"
2022,4,[]
2022,5,[]
2022,6,[]
2022,7,[]
2022,8,[]
2023,1,[]
2023,2,"[""https://web.archive.org/web/20230201/www.uol.com.br"", ""https://web.archive.org/web/20230202/www.uol.com.br"", ""https://web.archive.org/web/20230203/www.uol.com.br"", ""https://web.archive.org/web/20230204/www.uol.com.br"", ""https://web.archive.org/web/20230205/www.uol.com.br"", ""https://web.archive.org/web/20230206/www.uol.com.br"", ""https://web.archive.org/web/20230207/www.uol.com.br"", ""https://web.archive.org/web/20230208/www.uol.com.br"", ""https://web.archive.org/web/20230209/www.uol.com.br"", ""https://web.archive.org/web/20230210/www.uol.com.br"", ""https://web.archive.org/web/20230211/www.uol.com.br"", ""https://web.archive.org/web/20230212/www.uol.com.br"", ""https://web.archive.org/web/20230213/www.uol.com.br"", ""https://web.archive.org/web/20230214/www.uol.com.br"", ""https://web.archive.org/web/20230215/www.uol.com.br"", ""https://web.archive.org/web/20230216/www.uol.com.br"", ""https://web.archive.org/web/20230217/www.uol.com.br"", ""https://web.archive.org/web/20230218/www.uol.com.br"", ""https://web.archive.org/web/20230219/www.uol.com.br"", ""https://web.archive.org/web/20230220/www.uol.com.br"", ""https://web.archive.org/web/20230221/www.uol.com.br"", ""https://web.archive.org/web/20230222/www.uol.com.br"", ""https://web.archive.org/web/20230223/www.uol.com.br"", ""https://web.archive.org/web/20230224/www.uol.com.br"", ""https://web.archive.org/web/20230225/www.uol.com.br"", ""https://web.archive.org/web/20230226/www.uol.com.br"", ""https://web.archive.org/web/20230227/www.uol.com.br"", ""https://web.archive.org/web/20230228/www.uol.com.br""]"
2023,3,"[""https://web.archive.org/web/20230301/www.uol.com.br"", ""https://web.archive.org/web/20230302/www.uol.com.br"", ""https://web.archive.org/web/20230303/www.uol.com.br"", ""https://web.archive.org/web/20230304/www.uol.com.br"", ""https://web.archive.org/web/20230305/www.uol.com.br"", ""https://web.archive.org/web/20230306/www.uol.com.br"", ""https://web.archive.org/web/20230307/www.uol.com.br"", ""https://web.archive.org/web/20230308/www.uol.com.br"", ""https://web.archive.org/web/20230309/www.uol.com.br"", ""https://web.archive.org/web/20230310/www.uol.com.br"", ""https://web.archive.org/web/20230311/www.uol.com.br"", ""https://web.archive.org/web/20230312/www.uol.com.br"", ""https://web.archive.org/web/20230313/www.uol.com.br"", ""https://web.archive.org/web/20230314/www.uol.com.br"", ""https://web.archive.org/web/20230315/www.uol.com.br"", ""https://web.archive.org/web/20230316/www.uol.com.br"", ""https://web.archive.org/web/20230317/www.uol.com.br"", ""https://web.archive.org/web/20230318/www.uol.com.br"", ""https://web.archive.org/web/20230319/www.uol.com.br"", ""https://web.archive.org/web/20230320/www.uol.com.br"", ""https://web.archive.org/web/20230321/www.uol.com.br"", ""https://web.archive.org/web/20230322/www.uol.com.br"", ""https://web.archive.org/web/20230323/www.uol.com.br"", ""https://web.archive.org/web/20230324/www.uol.com.br"", ""https://web.archive.org/web/20230325/www.uol.com.br"", ""https://web.archive.org/web/20230326/www.uol.com.br"", ""https://web.archive.org/web/20230327/www.uol.com.br"", ""https://web.archive.org/web/20230328/www.uol.com.br"", ""https://web.archive.org/web/20230329/www.uol.com.br"", ""https://web.archive.org/web/20230330/www.uol.com.br"", ""https://web.archive.org/web/20230331/www.uol.com.br""]"
2023,4,"[""https://web.archive.org/web/20230401/www.uol.com.br"", ""https://web.archive.org/web/20230402/www.uol.com.br"", ""https://web.archive.org/web/20230403/www.uol.com.br"", ""https://web.archive.org/web/20230404/www.uol.com.br"", ""https://web.archive.org/web/20230405/www.uol.com.br"", ""https://web.archive.org/web/20230406/www.uol.com.br"", ""https://web.archive.org/web/20230407/www.uol.com.br"", ""https://web.archive.org/web/20230408/www.uol.com.br"", ""https://web.archive.org/web/20230409/www.uol.com.br"", ""https://web.archive.org/web/20230410/www.uol.com.br"", ""https://web.archive.org/web/20230411/www.uol.com.br"", ""https://web.archive.org/web/20230412/www.uol.com.br"", ""https://web.archive.org/web/20230413/www.uol.com.br"", ""https://web.archive.org/web/20230414/www.uol.com.br"", ""https://web.archive.org/web/20230415/www.uol.com.br"", ""https://web.archive.org/web/20230416/www.uol.com.br"", ""https://web.archive.org/web/20230417/www.uol.com.br"", ""https://web.archive.org/web/20230418/www.uol.com.br"", ""https://web.archive.org/web/20230419/www.uol.com.br"", ""https://web.archive.org/web/20230420/www.uol.com.br"", ""https://web.archive.org/web/20230421/www.uol.com.br"", ""https://web.archive.org/web/20230422/www.uol.com.br"", ""https://web.archive.org/web/20230423/www.uol.com.br"", ""https://web.archive.org/web/20230424/www.uol.com.br"", ""https://web.archive.org/web/20230425/www.uol.com.br"", ""https://web.archive.org/web/20230426/www.uol.com.br"", ""https://web.archive.org/web/20230427/www.uol.com.br"", ""https://web.archive.org/web/20230428/www.uol.com.br"", ""https://web.archive.org/web/20230429/www.uol.com.br"", ""https://web.archive.org/web/20230430/www.uol.com.br""]"
2023,5,"[""https://web.archive.org/web/20230501/www.uol.com.br"", ""https://web.archive.org/web/20230502/www.uol.com.br"", ""https://web.archive.org/web/20230503/www.uol.com.br"", ""https://web.archive.org/web/20230504/www.uol.com.br"", ""https://web.archive.org/web/20230505/www.uol.com.br"", ""https://web.archive.org/web/20230506/www.uol.com.br"", ""https://web.archive.org/web/20230507/www.uol.com.br"", ""https://web.archive.org/web/20230508/www.uol.com.br"", ""https://web.archive.org/web/20230509/www.uol.com.br"", ""https://web.archive.org/web/20230510/www.uol.com.br"", ""https://web.archive.org/web/20230511/www.uol.com.br"", ""https://web.archive.org/web/20230512/www.uol.com.br"", ""https://web.archive.org/web/20230513/www.uol.com.br"", ""https://web.archive.org/web/20230514/www.uol.com.br"", ""https://web.archive.org/web/20230515/www.uol.com.br"", ""https://web.archive.org/web/20230516/www.uol.com.br"", ""https://web.archive.org/web/20230517/www.uol.com.br"", ""https://web.archive.org/web/20230518/www.uol.com.br"", ""https://web.archive.org/web/20230519/www.uol.com.br"", ""https://web.archive.org/web/20230520/www.uol.com.br"", ""https://web.archive.org/web/20230521/www.uol.com.br"", ""https://web.archive.org/web/20230522/www.uol.com.br"", ""https://web.archive.org/web/20230523/www.uol.com.br"", ""https://web.archive.org/web/20230524/www.uol.com.br"", ""https://web.archive.org/web/20230525/www.uol.com.br"", ""https://web.archive.org/web/20230526/www.uol.com.br"", ""https://web.archive.org/web/20230527/www.uol.com.br"", ""https://web.archive.org/web/20230528/www.uol.com.br"", ""https://web.archive.org/web/20230529/www.uol.com.br"", ""https://web.archive.org/web/20230530/www.uol.com.br"", ""https://web.archive.org/web/20230531/www.uol.com.br""]"
2023,6,"[""https://web.archive.org/web/20230601/www.uol.com.br"", ""https://web.archive.org/web/20230602/www.uol.com.br"", ""https://web.archive.org/web/20230603/www.uol.com.br"", ""https://web.archive.org/web/20230604/www.uol.com.br"", ""https://web.archive.org/web/20230605/www.uol.com.br"", ""https://web.archive.org/web/20230606/www.uol.com.br"", ""https://web.archive.org/web/20230607/www.uol.com.br"", ""https://web.archive.org/web/20230608/www.uol.com.br"", ""https://web.archive.org/web/20230609/www.uol.com.br"", ""https://web.archive.org/web/20230610/www.uol.com.br"", ""https://web.archive.org/web/20230611/www.uol.com.br"", ""https://web.archive.org/web/20230612/www.uol.com.br"", ""https://web.archive.org/web/20230613/www.uol.com.br"", ""https://web.archive.org/web/20230614/www.uol.com.br"", ""https://web.archive.org/web/20230615/www.uol.com.br"", ""https://web.archive.org/web/20230616/www.uol.com.br"", ""https://web.archive.org/web/20230617/www.uol.com.br"", ""https://web.archive.org/web/20230618/www.uol.com.br"", ""https://web.archive.org/web/20230619/www.uol.com.br"", ""https://web.archive.org/web/20230620/www.uol.com.br"", ""https://web.archive.org/web/20230621/www.uol.com.br"", ""https://web.archive.org/web/20230622/www.uol.com.br"", ""https://web.archive.org/web/20230623/www.uol.com.br"", ""https://web.archive.org/web/20230624/www.uol.com.br"", ""https://web.archive.org/web/20230625/www.uol.com.br"", ""https://web.archive.org/web/20230626/www.uol.com.br"", ""https://web.archive.org/web/20230627/www.uol.com.br"", ""https://web.archive.org/web/20230628/www.uol.com.br"", ""https://web.archive.org/web/20230629/www.uol.com.br"", ""https://web.archive.org/web/20230630/www.uol.com.br""]"
2023,7,"[""https://web.archive.org/web/20230701/www.uol.com.br"", ""https://web.archive.org/web/20230702/www.uol.com.br"", ""https://web.archive.org/web/20230703/www.uol.com.br"", ""https://web.archive.org/web/20230704/www.uol.com.br"", ""https://web.archive.org/web/20230705/www.uol.com.br"", ""https://web.archive.org/web/20230706/www.uol.com.br"", ""https://web.archive.org/web/20230707/www.uol.com.br"", ""https://web.archive.org/web/20230708/www.uol.com.br"", ""https://web.archive.org/web/20230709/www.uol.com.br"", ""https://web.archive.org/web/20230710/www.uol.com.br"", ""https://web.archive.org/web/20230711/www.uol.com.br"", ""https://web.archive.org/web/20230712/www.uol.com.br"", ""https://web.archive.org/web/20230713/www.uol.com.br"", ""https://web.archive.org/web/20230714/www.uol.com.br"", ""https://web.archive.org/web/20230715/www.uol.com.br"", ""https://web.archive.org/web/20230716/www.uol.com.br"", ""https://web.archive.org/web/20230717/www.uol.com.br"", ""https://web.archive.org/web/20230718/www.uol.com.br"", ""https://web.archive.org/web/20230719/www.uol.com.br"", ""https://web.archive.org/web/20230720/www.uol.com.br"", ""https://web.archive.org/web/20230721/www.uol.com.br"", ""https://web.archive.org/web/20230722/www.uol.com.br"", ""https://web.archive.org/web/20230723/www.uol.com.br"", ""https://web.archive.org/web/20230724/www.uol.com.br"", ""https://web.archive.org/web/20230725/www.uol.com.br"", ""https://web.archive.org/web/20230726/www.uol.com.br"", ""https://web.archive.org/web/20230727/www.uol.com.br"", ""https://web.archive.org/web/20230728/www.uol.com.br"", ""https://web.archive.org/web/20230729/www.uol.com.br"", ""https://web.archive.org/web/20230730/www.uol.com.br"", ""https://web.archive.org/web/20230731/www.uol.com.br""]"
2023,8,"[""https://web.archive.org/web/20230801/www.uol.com.br"", ""https://web.archive.org/web/20230802/www.uol.com.br"", ""https://web.archive.org/web/20230803/www.uol.com.br"", ""https://web.archive.org/web/20230804/www.uol.com.br"", ""https://web.archive.org/web/20230805/www.uol.com.br"", ""https://web.archive.org/web/20230806/www.uol.com.br"", ""https://web.archive.org/web/20230807/www.uol.com.br"", ""https://web.archive.org/web/20230808/www.uol.com.br"", ""https://web.archive.org/web/20230809/www.uol.com.br"", ""https://web.archive.org/web/20230810/www.uol.com.br"", ""https://web.archive.org/web/20230811/www.uol.com.br"", ""https://web.archive.org/web/20230812/www.uol.com.br"", ""https://web.archive.org/web/20230813/www.uol.com.br"", ""https://web.archive.org/web/20230814/www.uol.com.br"", ""https://web.archive.org/web/20230815/www.uol.com.br"", ""https://web.archive.org/web/20230816/www.uol.com.br"", ""https://web.archive.org/web/20230817/www.uol.com.br"", ""https://web.archive.org/web/20230818/www.uol.com.br"", ""https://web.archive.org/web/20230819/www.uol.com.br"", ""https://web.archive.org/web/20230820/www.uol.com.br"", ""https://web.archive.org/web/20230821/www.uol.com.br"", ""https://web.archive.org/web/20230822/www.uol.com.br"", ""https://web.archive.org/web/20230823/www.uol.com.br"", ""https://web.archive.org/web/20230824/www.uol.com.br"", ""https://web.archive.org/web/20230825/www.uol.com.br"", ""https://web.archive.org/web/20230826/www.uol.com.br"", ""https://web.archive.org/web/20230827/www.uol.com.br"", ""https://web.archive.org/web/20230828/www.uol.com.br"", ""https://web.archive.org/web/20230829/www.uol.com.br"", ""https://web.archive.org/web/20230830/www.uol.com.br"", ""https://web.archive.org/web/20230831/www.uol.com.br""]"
2024,1,"[""https://web.archive.org/web/20240101/www.uol.com.br"", ""https://web.archive.org/web/20240102/www.uol.com.br"", ""https://web.archive.org/web/20240103/www.uol.com.br"", ""https://web.archive.org/web/20240104/www.uol.com.br"", ""https://web.archive.org/web/20240105/www.uol.com.br"", ""https://web.archive.org/web/20240106/www.uol.com.br"", ""https://web.archive.org/web/20240107/www.uol.com.br"", ""https://web.archive.org/web/20240108/www.uol.com.br"", ""https://web.archive.org/web/20240109/www.uol.com.br"", ""https://web.archive.org/web/20240110/www.uol.com.br"", ""https://web.archive.org/web/20240111/www.uol.com.br"", ""https://web.archive.org/web/20240112/www.uol.com.br"", ""https://web.archive.org/web/20240113/www.uol.com.br"", ""https://web.archive.org/web/20240114/www.uol.com.br"", ""https://web.archive.org/web/20240115/www.uol.com.br"", ""https://web.archive.org/web/20240116/www.uol.com.br"", ""https://web.archive.org/web/20240117/www.uol.com.br"", ""https://web.archive.org/web/20240118/www.uol.com.br"", ""https://web.archive.org/web/20240119/www.uol.com.br"", ""https://web.archive.org/web/20240120/www.uol.com.br"", ""https://web.archive.org/web/20240121/www.uol.com.br"", ""https://web.archive.org/web/20240122/www.uol.com.br"", ""https://web.archive.org/web/20240123/www.uol.com.br"", ""https://web.archive.org/web/20240124/www.uol.com.br"", ""https://web.archive.org/web/20240125/www.uol.com.br"", ""https://web.archive.org/web/20240126/www.uol.com.br"", ""https://web.archive.org/web/20240127/www.uol.com.br"", ""https://web.archive.org/web/20240128/www.uol.com.br"", ""https://web.archive.org/web/20240129/www.uol.com.br"", ""https://web.archive.org/web/20240130/www.uol.com.br"", ""https://web.archive.org/web/20240131/www.uol.com.br""]"
2024,2,"[""https://web.archive.org/web/20240201/www.uol.com.br"", ""https://web.archive.org/web/20240202/www.uol.com.br"", ""https://web.archive.org/web/20240203/www.uol.com.br"", ""https://web.archive.org/web/20240204/www.uol.com.br"", ""https://web.archive.org/web/20240205/www.uol.com.br"", ""https://web.archive.org/web/20240206/www.uol.com.br"", ""https://web.archive.org/web/20240207/www.uol.com.br"", ""https://web.archive.org/web/20240208/www.uol.com.br"", ""https://web.archive.org/web/20240209/www.uol.com.br"", ""https://web.archive.org/web/20240210/www.uol.com.br"", ""https://web.archive.org/web/20240211/www.uol.com.br"", ""https://web.archive.org/web/20240212/www.uol.com.br"", ""https://web.archive.org/web/20240213/www.uol.com.br"", ""https://web.archive.org/web/20240214/www.uol.com.br"", ""https://web.archive.org/web/20240215/www.uol.com.br"", ""https://web.archive.org/web/20240216/www.uol.com.br"", ""https://web.archive.org/web/20240217/www.uol.com.br"", ""https://web.archive.org/web/20240218/www.uol.com.br"", ""https://web.archive.org/web/20240219/www.uol.com.br"", ""https://web.archive.org/web/20240220/www.uol.com.br"", ""https://web.archive.org/web/20240221/www.uol.com.br"", ""https://web.archive.org/web/20240222/www.uol.com.br"", ""https://web.archive.org/web/20240223/www.uol.com.br"", ""https://web.archive.org/web/20240224/www.uol.com.br"", ""https://web.archive.org/web/20240225/www.uol.com.br"", ""https://web.archive.org/web/20240226/www.uol.com.br"", ""https://web.archive.org/web/20240227/www.uol.com.br"", ""https://web.archive.org/web/20240228/www.uol.com.br"", ""https://web.archive.org/web/20240229/www.uol.com.br""]"
2024,3,"[""https://web.archive.org/web/20240301/www.uol.com.br"", ""https://web.archive.org/web/20240302/www.uol.com.br"", ""https://web.archive.org/web/20240303/www.uol.com.br"", ""https://web.archive.org/web/20240304/www.uol.com.br"", ""https://web.archive.org/web/20240305/www.uol.com.br"", ""https://web.archive.org/web/20240306/www.uol.com.br"", ""https://web.archive.org/web/20240307/www.uol.com.br"", ""https://web.archive.org/web/20240308/www.uol.com.br"", ""https://web.archive.org/web/20240309/www.uol.com.br"", ""https://web.archive.org/web/20240310/www.uol.com.br"", ""https://web.archive.org/web/20240311/www.uol.com.br"", ""https://web.archive.org/web/20240312/www.uol.com.br"", ""https://web.archive.org/web/20240313/www.uol.com.br"", ""https://web.archive.org/web/20240314/www.uol.com.br"", ""https://web.archive.org/web/20240315/www.uol.com.br"", ""https://web.archive.org/web/20240316/www.uol.com.br"", ""https://web.archive.org/web/20240317/www.uol.com.br"", ""https://web.archive.org/web/20240318/www.uol.com.br"", ""https://web.archive.org/web/20240319/www.uol.com.br"", ""https://web.archive.org/web/20240320/www.uol.com.br"", ""https://web.archive.org/web/20240321/www.uol.com.br"", ""https://web.archive.org/web/20240322/www.uol.com.br"", ""https://web.archive.org/web/20240323/www.uol.com.br"", ""https://web.archive.org/web/20240324/www.uol.com.br"", ""https://web.archive.org/web/20240325/www.uol.com.br"", ""https://web.archive.org/web/20240326/www.uol.com.br"", ""https://web.archive.org/web/20240327/www.uol.com.br"", ""https://web.archive.org/web/20240328/www.uol.com.br"", ""https://web.archive.org/web/20240329/www.uol.com.br"", ""https://web.archive.org/web/20240330/www.uol.com.br"", ""https://web.archive.org/web/20240331/www.uol.com.br""]"
2024,4,"[""https://web.archive.org/web/20240401/www.uol.com.br"", ""https://web.archive.org/web/20240402/www.uol.com.br"", ""https://web.archive.org/web/20240403/www.uol.com.br"", ""https://web.archive.org/web/20240404/www.uol.com.br"", ""https://web.archive.org/web/20240405/www.uol.com.br"", ""https://web.archive.org/web/20240406/www.uol.com.br"", ""https://web.archive.org/web/20240407/www.uol.com.br"", ""https://web.archive.org/web/20240408/www.uol.com.br"", ""https://web.archive.org/web/20240409/www.uol.com.br"", ""https://web.archive.org/web/20240410/www.uol.com.br"", ""https://web.archive.org/web/20240411/www.uol.com.br"", ""https://web.archive.org/web/20240412/www.uol.com.br"", ""https://web.archive.org/web/20240413/www.uol.com.br"", ""https://web.archive.org/web/20240414/www.uol.com.br"", ""https://web.archive.org/web/20240415/www.uol.com.br"", ""https://web.archive.org/web/20240416/www.uol.com.br"", ""https://web.archive.org/web/20240417/www.uol.com.br"", ""https://web.archive.org/web/20240418/www.uol.com.br"", ""https://web.archive.org/web/20240419/www.uol.com.br"", ""https://web.archive.org/web/20240420/www.uol.com.br"", ""https://web.archive.org/web/20240421/www.uol.com.br"", ""https://web.archive.org/web/20240422/www.uol.com.br"", ""https://web.archive.org/web/20240423/www.uol.com.br"", ""https://web.archive.org/web/20240424/www.uol.com.br"", ""https://web.archive.org/web/20240425/www.uol.com.br"", ""https://web.archive.org/web/20240426/www.uol.com.br"", ""https://web.archive.org/web/20240427/www.uol.com.br"", ""https://web.archive.org/web/20240428/www.uol.com.br"", ""https://web.archive.org/web/20240429/www.uol.com.br"", ""https://web.archive.org/web/20240430/www.uol.com.br""]"
2024,5,"[""https://web.archive.org/web/20240501/www.uol.com.br"", ""https://web.archive.org/web/20240502/www.uol.com.br"", ""https://web.archive.org/web/20240503/www.uol.com.br"", ""https://web.archive.org/web/20240504/www.uol.com.br"", ""https://web.archive.org/web/20240505/www.uol.com.br"", ""https://web.archive.org/web/20240506/www.uol.com.br"", ""https://web.archive.org/web/20240507/www.uol.com.br"", ""https://web.archive.org/web/20240508/www.uol.com.br"", ""https://web.archive.org/web/20240509/www.uol.com.br"", ""https://web.archive.org/web/20240510/www.uol.com.br"", ""https://web.archive.org/web/20240511/www.uol.com.br"", ""https://web.archive.org/web/20240512/www.uol.com.br"", ""https://web.archive.org/web/20240513/www.uol.com.br"", ""https://web.archive.org/web/20240514/www.uol.com.br"", ""https://web.archive.org/web/20240515/www.uol.com.br"", ""https://web.archive.org/web/20240516/www.uol.com.br"", ""https://web.archive.org/web/20240517/www.uol.com.br"", ""https://web.archive.org/web/20240518/www.uol.com.br"", ""https://web.archive.org/web/20240519/www.uol.com.br"", ""https://web.archive.org/web/20240520/www.uol.com.br"", ""https://web.archive.org/web/20240521/www.uol.com.br"", ""https://web.archive.org/web/20240522/www.uol.com.br"", ""https://web.archive.org/web/20240523/www.uol.com.br"", ""https://web.archive.org/web/20240524/www.uol.com.br"", ""https://web.archive.org/web/20240525/www.uol.com.br"", ""https://web.archive.org/web/20240526/www.uol.com.br"", ""https://web.archive.org/web/20240527/www.uol.com.br"", ""https://web.archive.org/web/20240528/www.uol.com.br"", ""https://web.archive.org/web/20240529/www.uol.com.br"", ""https://web.archive.org/web/20240530/www.uol.com.br"", ""https://web.archive.org/web/20240531/www.uol.com.br""]"
2024,6,"[""https://web.archive.org/web/20240601/www.uol.com.br"", ""https://web.archive.org/web/20240602/www.uol.com.br"", ""https://web.archive.org/web/20240603/www.uol.com.br"", ""https://web.archive.org/web/20240604/www.uol.com.br"", ""https://web.archive.org/web/20240605/www.uol.com.br"", ""https://web.archive.org/web/20240606/www.uol.com.br"", ""https://web.archive.org/web/20240607/www.uol.com.br"", ""https://web.archive.org/web/20240608/www.uol.com.br"", ""https://web.archive.org/web/20240609/www.uol.com.br"", ""https://web.archive.org/web/20240610/www.uol.com.br"", ""https://web.archive.org/web/20240611/www.uol.com.br"", ""https://web.archive.org/web/20240612/www.uol.com.br"", ""https://web.archive.org/web/20240613/www.uol.com.br"", ""https://web.archive.org/web/20240614/www.uol.com.br"", ""https://web.archive.org/web/20240615/www.uol.com.br"", ""https://web.archive.org/web/20240616/www.uol.com.br"", ""https://web.archive.org/web/20240617/www.uol.com.br"", ""https://web.archive.org/web/20240618/www.uol.com.br"", ""https://web.archive.org/web/20240619/www.uol.com.br"", ""https://web.archive.org/web/20240620/www.uol.com.br"", ""https://web.archive.org/web/20240621/www.uol.com.br"", ""https://web.archive.org/web/20240622/www.uol.com.br"", ""https://web.archive.org/web/20240623/www.uol.com.br"", ""https://web.archive.org/web/20240624/www.uol.com.br"", ""https://web.archive.org/web/20240625/www.uol.com.br"", ""https://web.archive.org/web/20240626/www.uol.com.br"", ""https://web.archive.org/web/20240627/www.uol.com.br"", ""https://web.archive.org/web/20240628/www.uol.com.br"", ""https://web.archive.org/web/20240629/www.uol.com.br"", ""https://web.archive.org/web/20240630/www.uol.com.br""]"
2024,7,"[""https://web.archive.org/web/20240701/www.uol.com.br"", ""https://web.archive.org/web/20240702/www.uol.com.br"", ""https://web.archive.org/web/20240703/www.uol.com.br"", ""https://web.archive.org/web/20240704/www.uol.com.br"", ""https://web.archive.org/web/20240705/www.uol.com.br"", ""https://web.archive.org/web/20240706/www.uol.com.br"", ""https://web.archive.org/web/20240707/www.uol.com.br"", ""https://web.archive.org/web/20240708/www.uol.com.br"", ""https://web.archive.org/web/20240709/www.uol.com.br"", ""https://web.archive.org/web/20240710/www.uol.com.br"", ""https://web.archive.org/web/20240711/www.uol.com.br"", ""https://web.archive.org/web/20240712/www.uol.com.br"", ""https://web.archive.org/web/20240713/www.uol.com.br"", ""https://web.archive.org/web/20240714/www.uol.com.br"", ""https://web.archive.org/web/20240715/www.uol.com.br"", ""https://web.archive.org/web/20240716/www.uol.com.br"", ""https://web.archive.org/web/20240717/www.uol.com.br"", ""https://web.archive.org/web/20240718/www.uol.com.br"", ""https://web.archive.org/web/20240719/www.uol.com.br"", ""https://web.archive.org/web/20240720/www.uol.com.br"", ""https://web.archive.org/web/20240721/www.uol.com.br"", ""https://web.archive.org/web/20240722/www.uol.com.br"", ""https://web.archive.org/web/20240723/www.uol.com.br"", ""https://web.archive.org/web/20240724/www.uol.com.br"", ""https://web.archive.org/web/20240725/www.uol.com.br"", ""https://web.archive.org/web/20240726/www.uol.com.br"", ""https://web.archive.org/web/20240727/www.uol.com.br"", ""https://web.archive.org/web/20240728/www.uol.com.br"", ""https://web.archive.org/web/20240729/www.uol.com.br"", ""https://web.archive.org/web/20240730/www.uol.com.br"", ""https://web.archive.org/web/20240731/www.uol.com.br""]"
2024,8,"[""https://web.archive.org/web/20240801/www.uol.com.br"", ""https://web.archive.org/web/20240802/www.uol.com.br"", ""https://web.archive.org/web/20240803/www.uol.com.br"", ""https://web.archive.org/web/20240804/www.uol.com.br"", ""https://web.archive.org/web/20240805/www.uol.com.br"", ""https://web.archive.org/web/20240806/www.uol.com.br"", ""https://web.archive.org/web/20240807/www.uol.com.br"", ""https://web.archive.org/web/20240808/www.uol.com.br"", ""https://web.archive.org/web/20240809/www.uol.com.br"", ""https://web.archive.org/web/20240810/www.uol.com.br"", ""https://web.archive.org/web/20240811/www.uol.com.br"", ""https://web.archive.org/web/20240812/www.uol.com.br"", ""https://web.archive.org/web/20240813/www.uol.com.br"", ""https://web.archive.org/web/20240814/www.uol.com.br"", ""https://web.archive.org/web/20240815/www.uol.com.br"", ""https://web.archive.org/web/20240816/www.uol.com.br"", ""https://web.archive.org/web/20240817/www.uol.com.br"", ""https://web.archive.org/web/20240818/www.uol.com.br"", ""https://web.archive.org/web/20240819/www.uol.com.br"", ""https://web.archive.org/web/20240820/www.uol.com.br"", ""https://web.archive.org/web/20240821/www.uol.com.br"", ""https://web.archive.org/web/20240822/www.uol.com.br"", ""https://web.archive.org/web/20240823/www.uol.com.br"", ""https://web.archive.org/web/20240824/www.uol.com.br"", ""https://web.archive.org/web/20240825/www.uol.com.br"", ""https://web.archive.org/web/20240826/www.uol.com.br"", ""https://web.archive.org/web/20240827/www.uol.com.br"", ""https://web.archive.org/web/20240828/www.uol.com.br"", ""https://web.archive.org/web/20240829/www.uol.com.br"", ""https://web.archive.org/web/20240830/www.uol.com.br"", ""https://web.archive.org/web/20240831/www.uol.com.br""]"
2025,1,"[""https://web.archive.org/web/20250101/www.uol.com.br"", ""https://web.archive.org/web/20250102/www.uol.com.br"", ""https://web.archive.org/web/20250103/www.uol.com.br"", ""https://web.archive.org/web/20250104/www.uol.com.br"", ""https://web.archive.org/web/20250105/www.uol.com.br"", ""https://web.archive.org/web/20250106/www.uol.com.br"", ""https://web.archive.org/web/20250107/www.uol.com.br"", ""https://web.archive.org/web/20250108/www.uol.com.br"", ""https://web.archive.org/web/20250109/www.uol.com.br"", ""https://web.archive.org/web/20250110/www.uol.com.br"", ""https://web.archive.org/web/20250111/www.uol.com.br"", ""https://web.archive.org/web/20250112/www.uol.com.br"", ""https://web.archive.org/web/20250113/www.uol.com.br"", ""https://web.archive.org/web/20250114/www.uol.com.br"", ""https://web.archive.org/web/20250115/www.uol.com.br"", ""https://web.archive.org/web/20250116/www.uol.com.br"", ""https://web.archive.org/web/20250117/www.uol.com.br"", ""https://web.archive.org/web/20250118/www.uol.com.br"", ""https://web.archive.org/web/20250119/www.uol.com.br"", ""https://web.archive.org/web/20250120/www.uol.com.br"", ""https://web.archive.org/web/20250121/www.uol.com.br"", ""https://web.archive.org/web/20250122/www.uol.com.br"", ""https://web.archive.org/web/20250123/www.uol.com.br"", ""https://web.archive.org/web/20250124/www.uol.com.br"", ""https://web.archive.org/web/20250125/www.uol.com.br"", ""https://web.archive.org/web/20250126/www.uol.com.br"", ""https://web.archive.org/web/20250127/www.uol.com.br"", ""https://web.archive.org/web/20250128/www.uol.com.br"", ""https://web.archive.org/web/20250129/www.uol.com.br"", ""https://web.archive.org/web/20250130/www.uol.com.br"", ""https://web.archive.org/web/20250131/www.uol.com.br""]"
2025,2,"[""https://web.archive.org/web/20250201/www.uol.com.br"", ""https://web.archive.org/web/20250202/www.uol.com.br"", ""https://web.archive.org/web/20250203/www.uol.com.br"", ""https://web.archive.org/web/20250204/www.uol.com.br"", ""https://web.archive.org/web/20250205/www.uol.com.br"", ""https://web.archive.org/web/20250206/www.uol.com.br"", ""https://web.archive.org/web/20250207/www.uol.com.br"", ""https://web.archive.org/web/20250208/www.uol.com.br"", ""https://web.archive.org/web/20250209/www.uol.com.br"", ""https://web.archive.org/web/20250210/www.uol.com.br"", ""https://web.archive.org/web/20250211/www.uol.com.br"", ""https://web.archive.org/web/20250212/www.uol.com.br"", ""https://web.archive.org/web/20250213/www.uol.com.br"", ""https://web.archive.org/web/20250214/www.uol.com.br"", ""https://web.archive.org/web/20250215/www.uol.com.br"", ""https://web.archive.org/web/20250216/www.uol.com.br"", ""https://web.archive.org/web/20250217/www.uol.com.br"", ""https://web.archive.org/web/20250218/www.uol.com.br"", ""https://web.archive.org/web/20250219/www.uol.com.br"", ""https://web.archive.org/web/20250220/www.uol.com.br"", ""https://web.archive.org/web/20250221/www.uol.com.br"", ""https://web.archive.org/web/20250222/www.uol.com.br"", ""https://web.archive.org/web/20250223/www.uol.com.br"", ""https://web.archive.org/web/20250224/www.uol.com.br"", ""https://web.archive.org/web/20250225/www.uol.com.br"", ""https://web.archive.org/web/20250226/www.uol.com.br"", ""https://web.archive.org/web/20250227/www.uol.com.br"", ""https://web.archive.org/web/20250228/www.uol.com.br""]"
2025,3,"[""https://web.archive.org/web/20250301/www.uol.com.br"", ""https://web.archive.org/web/20250302/www.uol.com.br"", ""https://web.archive.org/web/20250303/www.uol.com.br"", ""https://web.archive.org/web/20250304/www.uol.com.br"", ""https://web.archive.org/web/20250305/www.uol.com.br"", ""https://web.archive.org/web/20250306/www.uol.com.br"", ""https://web.archive.org/web/20250307/www.uol.com.br"", ""https://web.archive.org/web/20250308/www.uol.com.br"", ""https://web.archive.org/web/20250309/www.uol.com.br"", ""https://web.archive.org/web/20250310/www.uol.com.br"", ""https://web.archive.org/web/20250311/www.uol.com.br"", ""https://web.archive.org/web/20250312/www.uol.com.br"", ""https://web.archive.org/web/20250313/www.uol.com.br"", ""https://web.archive.org/web/20250314/www.uol.com.br"", ""https://web.archive.org/web/20250315/www.uol.com.br"", ""https://web.archive.org/web/20250316/www.uol.com.br"", ""https://web.archive.org/web/20250317/www.uol.com.br"", ""https://web.archive.org/web/20250318/www.uol.com.br"", ""https://web.archive.org/web/20250319/www.uol.com.br"", ""https://web.archive.org/web/20250320/www.uol.com.br"", ""https://web.archive.org/web/20250321/www.uol.com.br"", ""https://web.archive.org/web/20250322/www.uol.com.br"", ""https://web.archive.org/web/20250323/www.uol.com.br"", ""https://web.archive.org/web/20250324/www.uol.com.br"", ""https://web.archive.org/web/20250325/www.uol.com.br"", ""https://web.archive.org/web/20250326/www.uol.com.br"", ""https://web.archive.org/web/20250327/www.uol.com.br"", ""https://web.archive.org/web/20250328/www.uol.com.br"", ""https://web.archive.org/web/20250329/www.uol.com.br"", ""https://web.archive.org/web/20250330/www.uol.com.br"", ""https://web.archive.org/web/20250331/www.uol.com.br""]"
2025,4,"[""https://web.archive.org/web/20250401/www.uol.com.br"", ""https://web.archive.org/web/20250402/www.uol.com.br"", ""https://web.archive.org/web/20250403/www.uol.com.br"", ""https://web.archive.org/web/20250404/www.uol.com.br"", ""https://web.archive.org/web/20250405/www.uol.com.br"", ""https://web.archive.org/web/20250406/www.uol.com.br"", ""https://web.archive.org/web/20250407/www.uol.com.br"", ""https://web.archive.org/web/20250408/www.uol.com.br"", ""https://web.archive.org/web/20250409/www.uol.com.br"", ""https://web.archive.org/web/20250410/www.uol.com.br"", ""https://web.archive.org/web/20250411/www.uol.com.br"", ""https://web.archive.org/web/20250412/www.uol.com.br"", ""https://web.archive.org/web/20250413/www.uol.com.br"", ""https://web.archive.org/web/20250414/www.uol.com.br"", ""https://web.archive.org/web/20250415/www.uol.com.br"", ""https://web.archive.org/web/20250416/www.uol.com.br"", ""https://web.archive.org/web/20250417/www.uol.com.br"", ""https://web.archive.org/web/20250418/www.uol.com.br"", ""https://web.archive.org/web/20250419/www.uol.com.br"", ""https://web.archive.org/web/20250420/www.uol.com.br"", ""https://web.archive.org/web/20250421/www.uol.com.br"", ""https://web.archive.org/web/20250422/www.uol.com.br"", ""https://web.archive.org/web/20250423/www.uol.com.br"", ""https://web.archive.org/web/20250424/www.uol.com.br"", ""https://web.archive.org/web/20250425/www.uol.com.br"", ""https://web.archive.org/web/20250426/www.uol.com.br"", ""https://web.archive.org/web/20250427/www.uol.com.br"", ""https://web.archive.org/web/20250428/www.uol.com.br"", ""https://web.archive.org/web/20250429/www.uol.com.br"", ""https://web.archive.org/web/20250430/www.uol.com.br""]"
2025,5,"[""https://web.archive.org/web/20250501/www.uol.com.br"", ""https://web.archive.org/web/20250502/www.uol.com.br"", ""https://web.archive.org/web/20250503/www.uol.com.br"", ""https://web.archive.org/web/20250504/www.uol.com.br"", ""https://web.archive.org/web/20250505/www.uol.com.br"", ""https://web.archive.org/web/20250506/www.uol.com.br"", ""https://web.archive.org/web/20250507/www.uol.com.br"", ""https://web.archive.org/web/20250508/www.uol.com.br"", ""https://web.archive.org/web/20250509/www.uol.com.br"", ""https://web.archive.org/web/20250510/www.uol.com.br"", ""https://web.archive.org/web/20250511/www.uol.com.br"", ""https://web.archive.org/web/20250512/www.uol.com.br"", ""https://web.archive.org/web/20250513/www.uol.com.br"", ""https://web.archive.org/web/20250514/www.uol.com.br"", ""https://web.archive.org/web/20250515/www.uol.com.br"", ""https://web.archive.org/web/20250516/www.uol.com.br"", ""https://web.archive.org/web/20250517/www.uol.com.br"", ""https://web.archive.org/web/20250518/www.uol.com.br"", ""https://web.archive.org/web/20250519/www.uol.com.br"", ""https://web.archive.org/web/20250520/www.uol.com.br"", ""https://web.archive.org/web/20250521/www.uol.com.br"", ""https://web.archive.org/web/20250522/www.uol.com.br"", ""https://web.archive.org/web/20250523/www.uol.com.br"", ""https://web.archive.org/web/20250524/www.uol.com.br"", ""https://web.archive.org/web/20250525/www.uol.com.br"", ""https://web.archive.org/web/20250526/www.uol.com.br"", ""https://web.archive.org/web/20250527/www.uol.com.br"", ""https://web.archive.org/web/20250528/www.uol.com.br"", ""https://web.archive.org/web/20250529/www.uol.com.br"", ""https://web.archive.org/web/20250530/www.uol.com.br"", ""https://web.archive.org/web/20250531/www.uol.com.br""]"
2025,6,"[""https://web.archive.org/web/20250601/www.uol.com.br"", ""https://web.archive.org/web/20250603/www.uol.com.br"", ""https://web.archive.org/web/20250605/www.uol.com.br"", ""https://web.archive.org/web/20250606/www.uol.com.br"", ""https://web.archive.org/web/20250607/www.uol.com.br"", ""https://web.archive.org/web/20250609/www.uol.com.br"", ""https://web.archive.org/web/20250610/www.uol.com.br"", ""https://web.archive.org/web/20250611/www.uol.com.br"", ""https://web.archive.org/web/20250612/www.uol.com.br"", ""https://web.archive.org/web/20250613/www.uol.com.br"", ""https://web.archive.org/web/20250614/www.uol.com.br"", ""https://web.archive.org/web/20250615/www.uol.com.br"", ""https://web.archive.org/web/20250616/www.uol.com.br"", ""https://web.archive.org/web/20250617/www.uol.com.br"", ""https://web.archive.org/web/20250618/www.uol.com.br"", ""https://web.archive.org/web/20250619/www.uol.com.br"", ""https://web.archive.org/web/20250620/www.uol.com.br"", ""https://web.archive.org/web/20250621/www.uol.com.br"", ""https://web.archive.org/web/20250622/www.uol.com.br"", ""https://web.archive.org/web/20250623/www.uol.com.br"", ""https://web.archive.org/web/20250624/www.uol.com.br"", ""https://web.archive.org/web/20250625/www.uol.com.br"", ""https://web.archive.org/web/20250626/www.uol.com.br"", ""https://web.archive.org/web/20250627/www.uol.com.br"", ""https://web.archive.org/web/20250628/www.uol.com.br"", ""https://web.archive.org/web/20250629/www.uol.com.br"", ""https://web.archive.org/web/20250630/www.uol.com.br""]"
2025,7,"[""https://web.archive.org/web/20250701/www.uol.com.br"", ""https://web.archive.org/web/20250702/www.uol.com.br"", ""https://web.archive.org/web/20250703/www.uol.com.br"", ""https://web.archive.org/web/20250704/www.uol.com.br"", ""https://web.archive.org/web/20250705/www.uol.com.br"", ""https://web.archive.org/web/20250706/www.uol.com.br"", ""https://web.archive.org/web/20250707/www.uol.com.br"", ""https://web.archive.org/web/20250708/www.uol.com.br"", ""https://web.archive.org/web/20250709/www.uol.com.br"", ""https://web.archive.org/web/20250710/www.uol.com.br"", ""https://web.archive.org/web/20250711/www.uol.com.br"", ""https://web.archive.org/web/20250712/www.uol.com.br"", ""https://web.archive.org/web/20250713/www.uol.com.br"", ""https://web.archive.org/web/20250714/www.uol.com.br"", ""https://web.archive.org/web/20250715/www.uol.com.br"", ""https://web.archive.org/web/20250716/www.uol.com.br"", ""https://web.archive.org/web/20250717/www.uol.com.br"", ""https://web.archive.org/web/20250718/www.uol.com.br"", ""https://web.archive.org/web/20250719/www.uol.com.br"", ""https://web.archive.org/web/20250720/www.uol.com.br"", ""https://web.archive.org/web/20250721/www.uol.com.br"", ""https://web.archive.org/web/20250722/www.uol.com.br"", ""https://web.archive.org/web/20250723/www.uol.com.br"", ""https://web.archive.org/web/20250724/www.uol.com.br"", ""https://web.archive.org/web/20250725/www.uol.com.br"", ""https://web.archive.org/web/20250726/www.uol.com.br"", ""https://web.archive.org/web/20250727/www.uol.com.br"", ""https://web.archive.org/web/20250728/www.uol.com.br"", ""https://web.archive.org/web/20250729/www.uol.com.br"", ""https://web.archive.org/web/20250730/www.uol.com.br"", ""https://web.archive.org/web/20250731/www.uol.com.br""]"
2025,8,"[""https://web.archive.org/web/20250801/www.uol.com.br"", ""https://web.archive.org/web/20250802/www.uol.com.br"", ""https://web.archive.org/web/20250803/www.uol.com.br"", ""https://web.archive.org/web/20250804/www.uol.com.br"", ""https://web.archive.org/web/20250805/www.uol.com.br"", ""https://web.archive.org/web/20250806/www.uol.com.br"", ""https://web.archive.org/web/20250807/www.uol.com.br"", ""https://web.archive.org/web/20250808/www.uol.com.br"", ""https://web.archive.org/web/20250809/www.uol.com.br"", ""https://web.archive.org/web/20250810/www.uol.com.br"", ""https://web.archive.org/web/20250811/www.uol.com.br"", ""https://web.archive.org/web/20250812/www.uol.com.br"", ""https://web.archive.org/web/20250813/www.uol.com.br"", ""https://web.archive.org/web/20250814/www.uol.com.br"", ""https://web.archive.org/web/20250815/www.uol.com.br"", ""https://web.archive.org/web/20250816/www.uol.com.br"", ""https://web.archive.org/web/20250817/www.uol.com.br"", ""https://web.archive.org/web/20250818/www.uol.com.br"", ""https://web.archive.org/web/20250819/www.uol.com.br"", ""https://web.archive.org/web/20250820/www.uol.com.br"", ""https://web.archive.org/web/20250821/www.uol.com.br"", ""https://web.archive.org/web/20250822/www.uol.com.br"", ""https://web.archive.org/web/20250823/www.uol.com.br"", ""https://web.archive.org/web/20250824/www.uol.com.br"", ""https://web.archive.org/web/20250825/www.uol.com.br"", ""https://web.archive.org/web/20250826/www.uol.com.br"", ""https://web.archive.org/web/20250827/www.uol.com.br"", ""https://web.archive.org/web/20250828/www.uol.com.br"", ""https://web.archive.org/web/20250829/www.uol.com.br"", ""https://web.archive.org/web/20250830/www.uol.com.br"", ""https://web.archive.org/web/20250831/www.uol.com.br""]"
